{
  "actual_w6_selected_sector_weights": {
    "Basic Materials": 0.07142857142857142,
    "Communication Services": 0.04081632653061224,
    "Consumer Cyclical": 0.11224489795918366,
    "Consumer Defensive": 0.030612244897959183,
    "Energy": 0.02040816326530612,
    "Financial Services": 0.21428571428571427,
    "Healthcare": 0.08163265306122448,
    "Industrials": 0.07142857142857142,
    "Real Estate": 0.13265306122448978,
    "Technology": 0.16326530612244897,
    "Utilities": 0.061224489795918366
  },
  "after_constraints": {
    "audit_trail": [
      {
        "action": "cap_weights",
        "after": {
          "max_weight": 0.03085399449035813
        },
        "before": {
          "limit": 0.1,
          "max_weight": 0.03085399449035813
        },
        "message": "Cap each name at the maximum single-stock weight.",
        "priority": "P0",
        "rule_name": "single_stock_cap",
        "triggered": false
      },
      {
        "action": "trim_overweight_sectors",
        "after": {
          "max_abs_deviation": 0.15000000000000005,
          "sector_weights": {
            "Basic Materials": 0.0675185925185925,
            "Communication Services": 0.03756749786161549,
            "Consumer Cyclical": 0.13149252708076237,
            "Consumer Defensive": 0.026134486428604057,
            "Energy": 0.02600259217906275,
            "Financial Services": 0.2893939393939395,
            "Healthcare": 0.08115201791672379,
            "Industrials": 0.08066753507929976,
            "Real Estate": 0.0856801695036989,
            "Technology": 0.1277237468413939,
            "Utilities": 0.04666689519630694
          }
        },
        "before": {
          "max_abs_deviation": 0.19999999999999998,
          "sector_weights": {
            "Basic Materials": 0.06379479106751834,
            "Communication Services": 0.03299730572457845,
            "Consumer Cyclical": 0.12780956417320055,
            "Consumer Defensive": 0.020238347511074787,
            "Energy": 0.020898293625566354,
            "Financial Services": 0.3393939393939394,
            "Healthcare": 0.07545383909020273,
            "Industrials": 0.07391396482305573,
            "Real Estate": 0.08183331819695457,
            "Technology": 0.12209003118094029,
            "Utilities": 0.041576605212968853
          }
        },
        "message": "Keep sector deviation versus benchmark within the configured band.",
        "priority": "P0",
        "rule_name": "sector_deviation_cap",
        "triggered": true
      },
      {
        "action": "scale_down_gross",
        "after": {
          "cvar_99": -0.029011186985579186,
          "gross_exposure": 0.9999999999999999
        },
        "before": {
          "cvar_99": -0.029011186985579186,
          "floor": -0.05,
          "gross_exposure": 0.9999999999999999
        },
        "message": "Reduce gross exposure by 20% if 99% CVaR breaches the floor.",
        "priority": "P0",
        "rule_name": "cvar_haircut",
        "triggered": false
      },
      {
        "action": "tilt_toward_target_beta",
        "after": {
          "portfolio_beta": 1.0925787149193922,
          "target_bounds": [
            0.8,
            1.2
          ]
        },
        "before": {
          "hard_bounds": [
            0.7,
            1.3
          ],
          "portfolio_beta": 1.0925787149193922
        },
        "message": "Nudge the book into the target beta band when it breaches the hard bounds.",
        "priority": "P1",
        "rule_name": "beta_alignment",
        "triggered": false
      },
      {
        "action": "remove_redundant_names",
        "after": {
          "high_corr_pairs": 0
        },
        "before": {
          "high_corr_pairs": 13
        },
        "message": "Trim highly correlated duplicate positions.",
        "priority": "P1",
        "rule_name": "correlation_dedup",
        "triggered": true
      },
      {
        "action": "blend_with_current_weights",
        "after": {
          "turnover": 0.12410082490613913
        },
        "before": {
          "limit": 0.4,
          "turnover": 0.12410082490613913
        },
        "message": "Cap one-period turnover at the configured limit.",
        "priority": "P1",
        "rule_name": "turnover_cap",
        "triggered": false
      },
      {
        "action": "add_small_satellite_positions",
        "after": {
          "holding_count": 90
        },
        "before": {
          "holding_count": 90,
          "minimum": 20
        },
        "message": "Maintain a diversified minimum number of holdings.",
        "priority": "P2",
        "rule_name": "minimum_holdings",
        "triggered": false
      },
      {
        "action": "warning_only",
        "after": {
          "stressed_return": -0.11164283289764686
        },
        "before": {
          "shock": -0.1,
          "warning_threshold": -0.12
        },
        "message": "Run a simple market shock stress test without modifying weights.",
        "priority": "P2",
        "rule_name": "stress_test",
        "triggered": false
      }
    ],
    "cash_weight": 0.0,
    "cvar_99": -0.02855813851098245,
    "gross_exposure": 1.0,
    "holding_count": 90,
    "portfolio_beta": 1.1164283289764685,
    "sector_weights": {
      "Basic Materials": 0.07490457836972844,
      "Communication Services": 0.04167707712442468,
      "Consumer Cyclical": 0.13432712041279152,
      "Consumer Defensive": 0.02899338706305107,
      "Energy": 0.02884706465343385,
      "Financial Services": 0.2390511746094967,
      "Healthcare": 0.09002938981927046,
      "Industrials": 0.08949190849285474,
      "Real Estate": 0.07921073702222786,
      "Technology": 0.14169568778143687,
      "Utilities": 0.05177187465128376
    },
    "turnover": 0.12410082490613913,
    "warnings": [],
    "weights": {
      "AEE": 0.0010957010508208203,
      "AES": 0.016435515762312305,
      "ALB": 0.014464332374844112,
      "ANET": 0.012765377277606925,
      "APP": 0.004340228274386354,
      "ARE": 0.016097665910968888,
      "AVGO": 0.0063826886388034625,
      "BALL": 0.0022597085676918207,
      "BEN": 0.02084748615780494,
      "BF-B": 0.01827843967018437,
      "BLDR": 0.018377802636925525,
      "BXP": 0.018908369482725357,
      "CBRE": 0.0035772590913264193,
      "CEG": 0.010135234720092588,
      "CF": 0.001808041546855514,
      "CHTR": 0.016392983668940375,
      "COF": 0.011118659284162637,
      "COHR": 0.01914806591641039,
      "COO": 0.0125988650475947,
      "CRH": 0.013947749075742536,
      "CRL": 0.005512003458322681,
      "CTVA": 0.01704724887035199,
      "CVNA": 0.010545306649228493,
      "D": 0.004108878940578076,
      "DECK": 0.016069038703586277,
      "DG": 0.0015757275577745144,
      "EFX": 0.01731242277391535,
      "EPAM": 0.018126835734201832,
      "EQR": 0.00894314772831605,
      "ES": 0.016983366287722717,
      "EXR": 0.00408829610437305,
      "FCX": 0.006973874537871268,
      "FSLR": 0.005465759618545361,
      "GM": 0.01757551108204749,
      "GNRC": 0.013849938219132281,
      "HAS": 0.013307172676407384,
      "HOOD": 0.026406815799886265,
      "HRL": 0.009139219835092185,
      "HST": 0.004854851623942997,
      "IBKR": 0.02501698338936593,
      "INCY": 0.00629943252379735,
      "INTC": 0.000510615091104277,
      "INVH": 0.0030662220782797884,
      "IVZ": 0.02362715097884561,
      "KEY": 0.009728826873642309,
      "KEYS": 0.0025530754555213846,
      "KIM": 0.005621407143512945,
      "KKR": 0.018067821336764284,
      "LITE": 0.011999454640950511,
      "LRCX": 0.011488839549846232,
      "LUV": 0.010920143595854297,
      "LVS": 0.015315802514355669,
      "MAS": 0.0069249691095661405,
      "MGM": 0.010796385378972033,
      "MOS": 0.005940707939668117,
      "MRNA": 0.01889829757139205,
      "MS": 0.0041694972315609894,
      "NEE": 0.0030131778897572554,
      "NFLX": 0.002222777446635983,
      "NTRS": 0.0027796648210406593,