{
  "as_of": "2026-03-31",
  "ascii_table": "-----------------------------------------------------------------------------------------------------\nconfig                  h_pre h_post h_min h_max   gross   cash   net_ex     IR  max_DD   turn  cvar%\n-----------------------------------------------------------------------------------------------------\nbaseline                146.9  146.9    45   260  100.0%   0.0%    7.34%   0.72  14.04%  2.65%   0.0%\ncap50_only               50.0   50.0    50    51  100.0%   0.0%    3.13%   0.33  18.88% 20.76%   0.0%\ncap30_only               30.0   30.0    30    30  100.0%   0.0%    3.50%   0.33  19.80% 24.10%   0.0%\ncap20_only               20.0   20.0    20    20  100.0%   0.0%   -0.70%   0.11  20.26% 28.56%   0.0%\nlayer3_only              69.0   62.6    20    93   75.5%  24.5%   -3.11%  -0.24  26.92% 10.90%  65.9%\ncap50_plus_layer3        54.4   48.2    20    90   75.4%  24.6%   -6.85%  -0.51  41.45% 20.13%  65.9%\ncap30_plus_layer3        33.7   31.9    20    56   76.6%  23.4%   -5.41%  -0.36  38.69% 22.72%  63.4%\ncap20_plus_layer3        22.9   24.4    20    54   76.8%  23.2%   -7.49%  -0.51  44.06% 25.03%  62.5%\nlayer3_medium            77.9   75.7    20   105   93.4%   6.6%   -1.67%  -0.06  23.29%  9.10%  18.3%\nlayer3_loose             83.1   82.0    43   104   96.9%   3.1%    3.96%   0.43  16.78%  7.97%  12.2%\ncap30_plus_layer3_med    41.7   42.3    20    80   93.2%   6.8%   -1.71%  -0.04  25.67% 24.80%  17.7%\ncap30_plus_layer3_loose   40.5   41.0    20    79   95.9%   4.1%    1.51%   0.20  18.55% 24.77%  12.8%\n-----------------------------------------------------------------------------------------------------",
  "champion_params": {
    "max_weight": 0.05,
    "min_holdings": 20,
    "min_trade_weight": 0.01,
    "selection_pct": 0.2,
    "sell_buffer_pct": 0.25
  },
  "configs": [
    {
      "avg_haircut_rounds": 0.0,
      "avg_turnover": 0.02651141237445862,
      "cash_weight_mean": 1.2963884708275456e-16,
      "cost_drag_ann": 0.014121410783862531,
      "cost_mult": 1.0,
      "cvar_trigger_rate": 0.0,
      "gate_on": false,
      "gross_ann_excess": 0.08747477089194433,
      "gross_exposure_mean": 1.0,
      "holdings_final_max": 260,
      "holdings_final_mean": 146.89329268292684,
      "holdings_final_min": 45,
      "holdings_pre_risk_mean": 146.90853658536585,
      "ir": 0.7155987338941284,
      "max_drawdown": 0.14042861416449734,
      "n_periods": 328,
      "name": "baseline",
      "net_ann_excess": 0.0733533601080818,
      "sharpe": 0.8383684127037498,
      "strategy": "baseline"
    },
    {
      "avg_haircut_rounds": 0.0,
      "avg_turnover": 0.20761658708387928,
      "cash_weight_mean": 7.141983481582562e-17,
      "cost_drag_ann": 0.07095966465417525,
      "cost_mult": 1.0,
      "cvar_trigger_rate": 0.0,
      "gate_on": false,
      "gross_ann_excess": 0.10230004555202621,
      "gross_exposure_mean": 1.0,
      "holdings_final_max": 51,
      "holdings_final_mean": 50.03963414634146,
      "holdings_final_min": 50,
      "holdings_pre_risk_mean": 50.03963414634146,
      "ir": 0.3296157437957639,
      "max_drawdown": 0.18881215617416516,
      "n_periods": 328,
      "name": "cap50_only",
      "net_ann_excess": 0.03134038089785096,
      "sharpe": 0.6414137501717116,
      "strategy": "cap50_only"
    },
    {
      "avg_haircut_rounds": 0.0,
      "avg_turnover": 0.24101993517915327,
      "cash_weight_mean": 3.45252282048067e-17,
      "cost_drag_ann": 0.09105490987797982,
      "cost_mult": 1.0,
      "cvar_trigger_rate": 0.0,
      "gate_on": false,
      "gross_ann_excess": 0.12609128547785353,
      "gross_exposure_mean": 1.0,
      "holdings_final_max": 30,
      "holdings_final_mean": 30.0,
      "holdings_final_min": 30,
      "holdings_pre_risk_mean": 30.0,
      "ir": 0.33183493423792776,
      "max_drawdown": 0.1979819459647532,
      "n_periods": 328,
      "name": "cap30_only",
      "net_ann_excess": 0.035036375599873715,
      "sharpe": 0.633609818467915,
      "strategy": "cap30_only"
    },
    {
      "avg_haircut_rounds": 0.0,
      "avg_turnover": 0.28562094339100547,
      "cash_weight_mean": 4.06179155350667e-18,
      "cost_drag_ann": 0.11914391616126085,
      "cost_mult": 1.0,
      "cvar_trigger_rate": 0.0,
      "gate_on": false,
      "gross_ann_excess": 0.1121351335676708,
      "gross_exposure_mean": 1.0,
      "holdings_final_max": 20,
      "holdings_final_mean": 20.0,
      "holdings_final_min": 20,
      "holdings_pre_risk_mean": 20.0,
      "ir": 0.11227841294482815,
      "max_drawdown": 0.2026296656147422,
      "n_periods": 328,
      "name": "cap20_only",
      "net_ann_excess": -0.007008782593590057,
      "sharpe": 0.4995787172618874,
      "strategy": "cap20_only"
    },
    {
      "avg_haircut_rounds": 2.125,
      "avg_turnover": 0.10899240520839124,
      "cash_weight_mean": 0.24510568053653753,
      "cost_drag_ann": 0.04866086622241128,
      "cost_mult": 1.0,
      "cvar_trigger_rate": 0.6585365853658537,
      "gate_on": false,
      "gross_ann_excess": 0.01752887814085513,
      "gross_exposure_mean": 0.7548943194634625,
      "holdings_final_max": 93,
      "holdings_final_mean": 62.576219512195124,
      "holdings_final_min": 20,
      "holdings_pre_risk_mean": 68.96646341463415,
      "ir": -0.24121031924823716,
      "max_drawdown": 0.26918112563072066,
      "n_periods": 328,
      "name": "layer3_only",
      "net_ann_excess": -0.03113198808155615,
      "sharpe": 0.5140683584521701,
      "strategy": "layer3_only"
    },
    {
      "avg_haircut_rounds": 2.125,
      "avg_turnover": 0.20133338809763593,
      "cash_weight_mean": 0.2463673729452798,
      "cost_drag_ann": 0.0770388776693911,
      "cost_mult": 1.0,
      "cvar_trigger_rate": 0.6585365853658537,
      "gate_on": false,
      "gross_ann_excess": 0.00856458449225106,
      "gross_exposure_mean": 0.7536326270547201,
      "holdings_final_max": 90,
      "holdings_final_mean": 48.21036585365854,
      "holdings_final_min": 20,
      "holdings_pre_risk_mean": 54.423780487804876,
      "ir": -0.5148067176065381,
      "max_drawdown": 0.4144632107443293,
      "n_periods": 328,
      "name": "cap50_plus_layer3",
      "net_ann_excess": -0.06847429317714004,
      "sharpe": 0.33726096774538344,
      "strategy": "cap50_plus_layer3"
    },
    {
      "avg_haircut_rounds": 2.081730769230769,
      "avg_turnover": 0.22717105570466548,
      "cash_weight_mean": 0.23353360435652373,
      "cost_drag_ann": 0.08302306676498095,
      "cost_mult": 1.0,
      "cvar_trigger_rate": 0.6341463414634146,
      "gate_on": false,
      "gross_ann_excess": 0.028891651089368198,
      "gross_exposure_mean": 0.7664663956434762,
      "holdings_final_max": 56,
      "holdings_final_mean": 31.88719512195122,
      "holdings_final_min": 20,
      "holdings_pre_risk_mean": 33.74390243902439,
      "ir": -0.35567794667052816,
      "max_drawdown": 0.38687751519503194,
      "n_periods": 328,
      "name": "cap30_plus_layer3",
      "net_ann_excess": -0.05413141567561275,
      "sharpe": 0.3953982888202095,
      "strategy": "cap30_plus_layer3"
    },
    {
      "avg_haircut_rounds": 2.0829268292682928,
      "avg_turnover": 0.25027372091037003,
      "cash_weight_mean": 0.2319599037607275,
      "cost_drag_ann": 0.0881189263491764,
      "cost_mult": 1.0,
      "cvar_trigger_rate": 0.625,
      "gate_on": false,
      "gross_ann_excess": 0.013187988810201334,
      "gross_exposure_mean": 0.7680400962392725,
      "holdings_final_max": 54,
      "holdings_final_mean": 24.375,
      "holdings_final_min": 20,
      "holdings_pre_risk_mean": 22.929878048780488,
      "ir": -0.5137323642116741,
      "max_drawdown": 0.4405749945179853,
      "n_periods": 328,
      "name": "cap20_plus_layer3",
      "net_ann_excess": -0.07493093753897506,
      "sharpe": 0.3030072750117896,