{
  "as_of": "2026-03-31",
  "ascii_table": "-----------------------------------------------------------------------------------------------------\nconfig                  h_pre h_post h_min h_max   gross   cash   net_ex     IR  max_DD   turn  cvar%\n-----------------------------------------------------------------------------------------------------\nbaseline                 74.5   74.5    45    80  100.0%   0.0%   12.54%   1.26   6.13%  5.38%   0.0%\ncap50_only               50.0   50.0    50    50  100.0%   0.0%   14.30%   1.33   6.24% 12.81%   0.0%\ncap30_only               30.0   30.0    30    30  100.0%   0.0%   14.28%   1.21   7.51% 15.15%   0.0%\ncap20_only               20.0   20.0    20    20  100.0%   0.0%    6.63%   0.62   7.75% 19.40%   0.0%\nlayer3_only              67.2   63.5    29    74   99.2%   0.8%    8.38%   0.95   5.29% 12.27%   0.0%\ncap50_plus_layer3        56.3   54.1    49    58   99.1%   0.9%    9.06%   0.91   7.65% 18.79%   0.0%\ncap30_plus_layer3        31.1   32.2    24    36   99.2%   0.8%   11.60%   1.02   8.06% 21.26%   0.0%\ncap20_plus_layer3        20.8   23.8    20    26   99.0%   1.0%    5.74%   0.58   8.24% 21.79%   0.0%\n-----------------------------------------------------------------------------------------------------",
  "champion_params": {
    "max_weight": 0.05,
    "min_holdings": 20,
    "min_trade_weight": 0.01,
    "selection_pct": 0.2,
    "sell_buffer_pct": 0.25
  },
  "configs": [
    {
      "avg_haircut_rounds": 0.0,
      "avg_turnover": 0.05384581237321819,
      "cash_weight_mean": 9.71445146547012e-17,
      "cost_drag_ann": 0.009057272853064235,
      "cost_mult": 1.0,
      "cvar_trigger_rate": 0.0,
      "gate_on": false,
      "gross_ann_excess": 0.13441715681979094,
      "gross_exposure_mean": 1.0,
      "holdings_final_max": 80,
      "holdings_final_mean": 74.5,
      "holdings_final_min": 45,
      "holdings_pre_risk_mean": 74.5,
      "ir": 1.2603931955730838,
      "max_drawdown": 0.061333739225131106,
      "n_periods": 24,
      "name": "baseline",
      "net_ann_excess": 0.1253598839667267,
      "sharpe": 0.35779249211945363,
      "strategy": "baseline"
    },
    {
      "avg_haircut_rounds": 0.0,
      "avg_turnover": 0.12805452118657587,
      "cash_weight_mean": 6.47630097698008e-17,
      "cost_drag_ann": 0.03485048884439634,
      "cost_mult": 1.0,
      "cvar_trigger_rate": 0.0,
      "gate_on": false,
      "gross_ann_excess": 0.17786502103330704,
      "gross_exposure_mean": 1.0,
      "holdings_final_max": 50,
      "holdings_final_mean": 50.0,
      "holdings_final_min": 50,
      "holdings_pre_risk_mean": 50.0,
      "ir": 1.3258739335687204,
      "max_drawdown": 0.062355642073115246,
      "n_periods": 24,
      "name": "cap50_only",
      "net_ann_excess": 0.1430145321889107,
      "sharpe": 0.41195485837950463,
      "strategy": "cap50_only"
    },
    {
      "avg_haircut_rounds": 0.0,
      "avg_turnover": 0.15151960062193304,
      "cash_weight_mean": 4.163336342344337e-17,
      "cost_drag_ann": 0.047199158894585036,
      "cost_mult": 1.0,
      "cvar_trigger_rate": 0.0,
      "gate_on": false,
      "gross_ann_excess": 0.18996233247348027,
      "gross_exposure_mean": 1.0,
      "holdings_final_max": 30,
      "holdings_final_mean": 30.0,
      "holdings_final_min": 30,
      "holdings_pre_risk_mean": 30.0,
      "ir": 1.2065569025820304,
      "max_drawdown": 0.07506267177886265,
      "n_periods": 24,
      "name": "cap30_only",
      "net_ann_excess": 0.14276317357889523,
      "sharpe": 0.4061537517298046,
      "strategy": "cap30_only"
    },
    {
      "avg_haircut_rounds": 0.0,
      "avg_turnover": 0.1940013612589846,
      "cash_weight_mean": 0.0,
      "cost_drag_ann": 0.06884798693847571,
      "cost_mult": 1.0,
      "cvar_trigger_rate": 0.0,
      "gate_on": false,
      "gross_ann_excess": 0.13515428898141768,
      "gross_exposure_mean": 1.0000000000000002,
      "holdings_final_max": 20,
      "holdings_final_mean": 20.0,
      "holdings_final_min": 20,
      "holdings_pre_risk_mean": 20.0,
      "ir": 0.6211660893987428,
      "max_drawdown": 0.07746150880371902,
      "n_periods": 24,
      "name": "cap20_only",
      "net_ann_excess": 0.06630630204294197,
      "sharpe": 0.17760620399565755,
      "strategy": "cap20_only"
    },
    {
      "avg_haircut_rounds": 0.0,
      "avg_turnover": 0.12268263270917923,
      "cash_weight_mean": 0.008333333333333382,
      "cost_drag_ann": 0.019972997651756197,
      "cost_mult": 1.0,
      "cvar_trigger_rate": 0.0,
      "gate_on": false,
      "gross_ann_excess": 0.10375851869063446,
      "gross_exposure_mean": 0.9916666666666667,
      "holdings_final_max": 74,
      "holdings_final_mean": 63.541666666666664,
      "holdings_final_min": 29,
      "holdings_pre_risk_mean": 67.16666666666667,
      "ir": 0.9502903716360028,
      "max_drawdown": 0.05294428107029852,
      "n_periods": 24,
      "name": "layer3_only",
      "net_ann_excess": 0.08378552103887826,
      "sharpe": 0.22105703126711682,
      "strategy": "layer3_only"
    },
    {
      "avg_haircut_rounds": 0.0,
      "avg_turnover": 0.18786894839401932,
      "cash_weight_mean": 0.009456259379380766,
      "cost_drag_ann": 0.04959213361144843,
      "cost_mult": 1.0,
      "cvar_trigger_rate": 0.0,
      "gate_on": false,
      "gross_ann_excess": 0.14022498487798818,
      "gross_exposure_mean": 0.9905437406206192,
      "holdings_final_max": 58,
      "holdings_final_mean": 54.125,
      "holdings_final_min": 49,
      "holdings_pre_risk_mean": 56.291666666666664,
      "ir": 0.9085698764955027,
      "max_drawdown": 0.07646869373641285,
      "n_periods": 24,
      "name": "cap50_plus_layer3",
      "net_ann_excess": 0.09063285126653975,
      "sharpe": 0.24571284598094165,
      "strategy": "cap50_plus_layer3"
    },
    {
      "avg_haircut_rounds": 0.0,
      "avg_turnover": 0.2126231707047865,
      "cash_weight_mean": 0.008333333333333373,
      "cost_drag_ann": 0.06784876010876739,
      "cost_mult": 1.0,
      "cvar_trigger_rate": 0.0,
      "gate_on": false,
      "gross_ann_excess": 0.1838389347692373,
      "gross_exposure_mean": 0.9916666666666666,
      "holdings_final_max": 36,
      "holdings_final_mean": 32.25,
      "holdings_final_min": 24,
      "holdings_pre_risk_mean": 31.125,
      "ir": 1.0151359002936968,
      "max_drawdown": 0.0806374391323804,
      "n_periods": 24,
      "name": "cap30_plus_layer3",
      "net_ann_excess": 0.1159901746604699,
      "sharpe": 0.32621893519394746,
      "strategy": "cap30_plus_layer3"
    },
    {
      "avg_haircut_rounds": 0.0,
      "avg_turnover": 0.21788707983979125,
      "cash_weight_mean": 0.010416666666666727,
      "cost_drag_ann": 0.06496997916377334,
      "cost_mult": 1.0,
      "cvar_trigger_rate": 0.0,
      "gate_on": false,
      "gross_ann_excess": 0.12233415029251726,
      "gross_exposure_mean": 0.9895833333333334,
      "holdings_final_max": 26,
      "holdings_final_mean": 23.833333333333332,
      "holdings_final_min": 20,
      "holdings_pre_risk_mean": 20.791666666666668,
      "ir": 0.5751485356941717,
      "max_drawdown": 0.08235811071947703,
      "n_periods": 24,
      "name": "cap20_plus_layer3",
      "net_ann_excess": 0.057364171128743924,
      "sharpe": 0.14635545723433316,
      "strategy": "cap20_plus_layer3"
    }
  ],
  "generated_at_utc": "2026-04-27T15:47:42.722202+00:00",
  "horizon_days": 60,
  "layer3_defaults": {
    "correlation_threshold": 0.85,
    "cvar_confidence": 0.99,
    "cvar_floor": -0.05,
    "max_sector_deviation": 0.15,
    "max_single_stock_weight": 0.05,
    "min_holdings": 20,
    "turnover_cap": 0.4
  },
  "n_signal_dates": 25,
  "n_windows": 1,
  "report_path": "data/reports/walkforward_v9full9y_60d_ridge_13w.json"
}