{
  "as_of": "2026-03-31",
  "ascii_table": "-----------------------------------------------------------------------------------------------------\nconfig                  h_pre h_post h_min h_max   gross   cash   net_ex     IR  max_DD   turn  cvar%\n-----------------------------------------------------------------------------------------------------\nbaseline                146.9  146.9    45   260  100.0%   0.0%    7.34%   0.72  14.04%  2.65%   0.0%\ncap50_only               50.0   50.0    50    51  100.0%   0.0%    3.13%   0.33  18.88% 20.76%   0.0%\ncap30_only               30.0   30.0    30    30  100.0%   0.0%    3.50%   0.33  19.80% 24.10%   0.0%\ncap20_only               20.0   20.0    20    20  100.0%   0.0%   -0.70%   0.11  20.26% 28.56%   0.0%\nlayer3_only              68.5   63.7    20    87   90.3%   9.7%   -3.22%  -0.19  26.89% 11.25%  24.1%\ncap50_plus_layer3        58.4   53.9    20    94   90.3%   9.7%   -6.13%  -0.38  37.16% 21.83%  23.8%\ncap30_plus_layer3        36.8   36.1    20    78   89.4%  10.6%   -3.84%  -0.19  32.56% 24.91%  28.0%\ncap20_plus_layer3        26.5   28.8    20    66   88.6%  11.4%   -6.18%  -0.35  38.57% 26.89%  30.5%\nlayer3_medium            79.8   76.9    20   113   92.6%   7.4%   -1.71%  -0.07  23.29%  9.10%  16.2%\nlayer3_loose             87.1   85.9    43   119   94.9%   5.1%    1.34%   0.20  15.58%  7.52%  15.5%\ncap30_plus_layer3_med    37.8   37.5    20    74   92.7%   7.3%   -2.26%  -0.07  29.74% 24.90%  15.9%\ncap30_plus_layer3_loose   39.0   39.3    20    80   94.1%   5.9%   -0.08%   0.08  21.35% 24.69%  14.3%\n-----------------------------------------------------------------------------------------------------",
  "champion_params": {
    "max_weight": 0.05,
    "min_holdings": 20,
    "min_trade_weight": 0.01,
    "selection_pct": 0.2,
    "sell_buffer_pct": 0.25
  },
  "configs": [
    {
      "avg_haircut_rounds": 0.0,
      "avg_turnover": 0.02651141237445862,
      "cash_weight_mean": 1.2963884708275456e-16,
      "cost_drag_ann": 0.014121410783862531,
      "cost_mult": 1.0,
      "cvar_trigger_rate": 0.0,
      "gate_on": false,
      "gross_ann_excess": 0.08747477089194433,
      "gross_exposure_mean": 1.0,
      "holdings_final_max": 260,
      "holdings_final_mean": 146.89329268292684,
      "holdings_final_min": 45,
      "holdings_pre_risk_mean": 146.90853658536585,
      "ir": 0.7155987338941284,
      "max_drawdown": 0.14042861416449734,
      "n_periods": 328,
      "name": "baseline",
      "net_ann_excess": 0.0733533601080818,
      "sharpe": 0.8383684127037498,
      "strategy": "baseline"
    },
    {
      "avg_haircut_rounds": 0.0,
      "avg_turnover": 0.20761658708387934,
      "cash_weight_mean": 7.141983481582562e-17,
      "cost_drag_ann": 0.07095966465417525,
      "cost_mult": 1.0,
      "cvar_trigger_rate": 0.0,
      "gate_on": false,
      "gross_ann_excess": 0.10230004555202621,
      "gross_exposure_mean": 1.0,
      "holdings_final_max": 51,
      "holdings_final_mean": 50.03963414634146,
      "holdings_final_min": 50,
      "holdings_pre_risk_mean": 50.03963414634146,
      "ir": 0.3296157437957639,
      "max_drawdown": 0.18881215617416527,
      "n_periods": 328,
      "name": "cap50_only",
      "net_ann_excess": 0.03134038089785096,
      "sharpe": 0.6414137501717116,
      "strategy": "cap50_only"
    },
    {
      "avg_haircut_rounds": 0.0,
      "avg_turnover": 0.24101993517915332,
      "cash_weight_mean": 3.45252282048067e-17,
      "cost_drag_ann": 0.09105490987797982,
      "cost_mult": 1.0,
      "cvar_trigger_rate": 0.0,
      "gate_on": false,
      "gross_ann_excess": 0.12609128547785353,
      "gross_exposure_mean": 1.0,
      "holdings_final_max": 30,
      "holdings_final_mean": 30.0,
      "holdings_final_min": 30,
      "holdings_pre_risk_mean": 30.0,
      "ir": 0.33183493423792776,
      "max_drawdown": 0.1979819459647532,
      "n_periods": 328,
      "name": "cap30_only",
      "net_ann_excess": 0.035036375599873715,
      "sharpe": 0.633609818467915,
      "strategy": "cap30_only"
    },
    {
      "avg_haircut_rounds": 0.0,
      "avg_turnover": 0.28562094339100547,
      "cash_weight_mean": 4.06179155350667e-18,
      "cost_drag_ann": 0.11914391616126085,
      "cost_mult": 1.0,
      "cvar_trigger_rate": 0.0,
      "gate_on": false,
      "gross_ann_excess": 0.1121351335676708,
      "gross_exposure_mean": 1.0,
      "holdings_final_max": 20,
      "holdings_final_mean": 20.0,
      "holdings_final_min": 20,
      "holdings_pre_risk_mean": 20.0,
      "ir": 0.11227841294482815,
      "max_drawdown": 0.2026296656147422,
      "n_periods": 328,
      "name": "cap20_only",
      "net_ann_excess": -0.007008782593590057,
      "sharpe": 0.4995787172618874,
      "strategy": "cap20_only"
    },
    {
      "avg_haircut_rounds": 2.3417721518987342,
      "avg_turnover": 0.11246541361917338,
      "cash_weight_mean": 0.09673039841916956,
      "cost_drag_ann": 0.04867005367194621,
      "cost_mult": 1.0,
      "cvar_trigger_rate": 0.24085365853658536,
      "gate_on": false,
      "gross_ann_excess": 0.01650477918591431,
      "gross_exposure_mean": 0.9032696015808304,
      "holdings_final_max": 87,
      "holdings_final_mean": 63.71341463414634,
      "holdings_final_min": 20,
      "holdings_pre_risk_mean": 68.46646341463415,
      "ir": -0.18656389118368527,
      "max_drawdown": 0.26889524734296977,
      "n_periods": 328,
      "name": "layer3_only",
      "net_ann_excess": -0.0321652744860319,
      "sharpe": 0.47817333191640193,
      "strategy": "layer3_only"
    },
    {
      "avg_haircut_rounds": 2.358974358974359,
      "avg_turnover": 0.21831385573351422,
      "cash_weight_mean": 0.09659390681154979,
      "cost_drag_ann": 0.0773627251652853,
      "cost_mult": 1.0,
      "cvar_trigger_rate": 0.23780487804878048,
      "gate_on": false,
      "gross_ann_excess": 0.016060083118106583,
      "gross_exposure_mean": 0.9034060931884502,
      "holdings_final_max": 94,
      "holdings_final_mean": 53.89329268292683,
      "holdings_final_min": 20,
      "holdings_pre_risk_mean": 58.43292682926829,
      "ir": -0.3812341798710653,
      "max_drawdown": 0.3715731231912005,
      "n_periods": 328,
      "name": "cap50_plus_layer3",
      "net_ann_excess": -0.061302642047178724,
      "sharpe": 0.3549950573777144,
      "strategy": "cap50_plus_layer3"
    },
    {
      "avg_haircut_rounds": 2.1630434782608696,
      "avg_turnover": 0.24913857029484315,
      "cash_weight_mean": 0.10642084462307462,
      "cost_drag_ann": 0.08642900166270362,
      "cost_mult": 1.0,
      "cvar_trigger_rate": 0.2804878048780488,
      "gate_on": false,
      "gross_ann_excess": 0.04801828075690584,
      "gross_exposure_mean": 0.8935791553769253,
      "holdings_final_max": 78,
      "holdings_final_mean": 36.09756097560975,
      "holdings_final_min": 20,
      "holdings_pre_risk_mean": 36.829268292682926,
      "ir": -0.19443663149169263,
      "max_drawdown": 0.32559701284268533,
      "n_periods": 328,
      "name": "cap30_plus_layer3",
      "net_ann_excess": -0.03841072090579778,
      "sharpe": 0.4452931457294616,
      "strategy": "cap30_plus_layer3"
    },
    {
      "avg_haircut_rounds": 2.06,
      "avg_turnover": 0.26893798058804824,
      "cash_weight_mean": 0.1137009908467755,
      "cost_drag_ann": 0.09262513375638304,
      "cost_mult": 1.0,
      "cvar_trigger_rate": 0.3048780487804878,
      "gate_on": false,
      "gross_ann_excess": 0.030858037689057705,
      "gross_exposure_mean": 0.8862990091532246,
      "holdings_final_max": 66,
      "holdings_final_mean": 28.783536585365855,
      "holdings_final_min": 20,
      "holdings_pre_risk_mean": 26.509146341463413,
      "ir": -0.3520621099891547,
      "max_drawdown": 0.3856550657553259,
      "n_periods": 328,
      "name": "cap20_plus_layer3",
      "net_ann_excess": -0.06176709606732533,
      "sharpe": 0.3500047468406042,